symbol,date,start_ts,end_ts,open,high,low,close,vwap,volume,trade_count,bid_price,bid_size,ask_price,ask_size
AAPL,1/3/2023,1/3/2023 9:30,1/3/2023 9:31,130.39,130.7,129.77,129.78,130.2630738,912402,23322,129.76,400,129.78,200
AAPL,1/3/2023,1/3/2023 9:31,1/3/2023 9:32,129.7799,130.5,129.46,130.2088,129.6754849,530025,10717,129.63,200,129.64,400
AAPL,1/3/2023,1/3/2023 9:32,1/3/2023 9:33,129.6499,130.5,129.46,130.2088,129.6791384,419112,9584,129.46,100,129.47,300
AAPL,1/3/2023,1/3/2023 9:33,1/3/2023 9:34,130.2088,130.21,129.44,130.029,129.6630454,470472,10447,130.02,400,130.03,100
AAPL,1/3/2023,1/3/2023 9:34,1/3/2023 9:35,130.2088,130.4,129.74,129.836,129.9243038,418704,9882,129.82,400,129.84,100
AAPL,1/3/2023,1/3/2023 9:35,1/3/2023 9:36,130.2088,130.23,129.8215,130.2088,130.0523877,482569,10197,129.88,100,129.89,400
AAPL,1/3/2023,1/3/2023 9:36,1/3/2023 9:37,130.2088,130.21,129.53,129.585,129.7244096,381237,9563,129.57,400,129.6,1100
AAPL,1/3/2023,1/3/2023 9:37,1/3/2023 9:38,130.2088,130.21,129.58,130.2088,129.8022498,438083,10141,130.03,900,130.05,400
AAPL,1/3/2023,1/3/2023 9:38,1/3/2023 9:39,130.04,130.21,129.856505,130.0488,130.112017,408789,5575,130.04,400,130.06,100
AAPL,1/3/2023,1/3/2023 9:39,1/3/2023 9:40,130.05,130.68,130.030454,130.5,130.4702594,465174,3896,130.5,400,130.52,100
AAPL,1/3/2023,1/3/2023 9:40,1/3/2023 9:41,130.51,130.6,130.0401,130.49,130.4716674,359847,3089,130.48,700,130.49,100
AAPL,1/3/2023,1/3/2023 9:41,1/3/2023 9:42,130.49,130.81,130.48,130.735,130.6743996,501699,3617,130.73,500,130.74,400
AAPL,1/3/2023,1/3/2023 9:42,1/3/2023 9:43,130.735,130.91,130.4201,130.4814,130.7187882,443917,3737,130.47,300,130.49,500
AAPL,1/3/2023,1/3/2023 9:43,1/3/2023 9:44,130.4888,130.702078,130.44,130.48,130.534322,233164,2239,130.47,400,130.49,200
AAPL,1/3/2023,1/3/2023 9:44,1/3/2023 9:45,130.48,130.64,129.74,129.88,130.2033487,532544,4763,129.87,700,129.88,100
AAPL,1/3/2023,1/3/2023 9:45,1/3/2023 9:46,129.88,130.453149,129.62,129.68,129.8428329,558366,4989,129.67,500,129.69,100
AAPL,1/3/2023,1/3/2023 9:46,1/3/2023 9:47,129.67,130.1748,128.66,129.81,129.7392289,350442,3275,129.81,300,129.83,500
AAPL,1/3/2023,1/3/2023 9:47,1/3/2023 9:48,129.8388,130.001648,129.27,129.2887,129.5427764,443083,4626,129.28,100,129.29,300
AAPL,1/3/2023,1/3/2023 9:48,1/3/2023 9:49,129.29,129.766471,128.59,128.64,128.9893566,666230,7148,128.63,300,128.65,500
AAPL,1/3/2023,1/3/2023 9:49,1/3/2023 9:50,128.63,128.696,128.51,128.581,128.5924573,461408,4100,128.58,100,128.59,200
AAPL,1/3/2023,1/3/2023 9:50,1/3/2023 9:51,128.58,129.165785,128.48,128.6188,128.5867646,375793,3818,128.6,200,128.62,500
AAPL,1/3/2023,1/3/2023 9:51,1/3/2023 9:52,128.62,129.143166,128.3,128.39,128.4805136,410074,4021,128.38,600,128.4,2100
AAPL,1/3/2023,1/3/2023 9:52,1/3/2023 9:53,128.3926,128.44,127.68,127.685,128.0150396,696848,7830,127.68,200,127.69,800
AAPL,1/3/2023,1/3/2023 9:53,1/3/2023 9:54,127.68,128.365935,127.67,127.91,127.7862606,318592,3494,127.9,200,127.91,200
AAPL,1/3/2023,1/3/2023 9:54,1/3/2023 9:55,127.9288,127.95,127.81,127.88,127.890184,335576,3286,127.88,1200,127.89,800
AAPL,1/3/2023,1/3/2023 9:55,1/3/2023 9:56,127.8876,128.7533,127.56,127.77,127.7711974,526096,4860,127.76,200,127.78,500
AAPL,1/3/2023,1/3/2023 9:56,1/3/2023 9:57,127.7788,127.97,127.69,127.7188,127.8382653,316694,2811,127.71,100,127.72,200
AAPL,1/3/2023,1/3/2023 9:57,1/3/2023 9:58,127.71,127.77,127.47,127.471,127.5929572,274668,3601,127.47,800,127.48,400
AAPL,1/3/2023,1/3/2023 9:58,1/3/2023 9:59,127.4755,127.7369,127.19,127.268,127.3463507,372762,3998,127.26,100,127.27,100
AAPL,1/3/2023,1/3/2023 9:59,1/3/2023 10:00,127.26,127.639117,126.88,126.9336,127.0415604,579325,7093,126.93,200,126.94,200
AAPL,1/3/2023,1/3/2023 10:00,1/3/2023 10:01,126.938,127.428,126.92,127.1888,127.0618219,383544,4139,127.17,800,127.19,500
AAPL,1/3/2023,1/3/2023 10:01,1/3/2023 10:02,127.19,127.3,126.98,127.0208,127.151632,348957,3915,127.02,300,127.03,200
AAPL,1/3/2023,1/3/2023 10:02,1/3/2023 10:03,127.02,127.281969,126.78,126.84,126.8771932,408056,4420,126.83,300,126.85,600
AAPL,1/3/2023,1/3/2023 10:03,1/3/2023 10:04,126.84,127.012868,126.78,126.8192,126.8306174,334114,3587,126.81,600,126.82,300
AAPL,1/3/2023,1/3/2023 10:04,1/3/2023 10:05,126.82,130.3662,126.4166,126.51,126.6248922,513722,5733,126.5,200,126.52,500
AAPL,1/3/2023,1/3/2023 10:05,1/3/2023 10:06,126.505,127.1677,126.44,126.85,126.6258618,362875,3762,126.85,400,126.86,200
AAPL,1/3/2023,1/3/2023 10:06,1/3/2023 10:07,126.8591,126.885,126.53,126.5755,126.6645173,240413,2931,126.57,400,126.58,700
AAPL,1/3/2023,1/3/2023 10:07,1/3/2023 10:08,126.58,126.87,126.5,126.735,126.6668987,289340,3180,126.71,200,126.72,600
AAPL,1/3/2023,1/3/2023 10:08,1/3/2023 10:09,126.72,126.76,126.56,126.7081,126.6873919,244525,2869,126.7,300,126.71,300
AAPL,1/3/2023,1/3/2023 10:09,1/3/2023 10:10,126.7059,126.71,126.46,126.48,126.5443961,242844,3114,126.47,300,126.48,700
AAPL,1/3/2023,1/3/2023 10:10,1/3/2023 10:11,126.4888,126.6158,126.31,126.47,126.3985275,322192,3850,126.46,700,126.47,100
AAPL,1/3/2023,1/3/2023 10:11,1/3/2023 10:12,126.47,126.548149,126.08,126.2,126.2285675,397740,4456,126.19,100,126.2,300
AAPL,1/3/2023,1/3/2023 10:12,1/3/2023 10:13,126.2,126.427294,126.06,126.1501,126.1327261,314401,3805,126.16,200,126.18,700
AAPL,1/3/2023,1/3/2023 10:13,1/3/2023 10:14,126.17,126.234111,125.89,125.92,126.0051001,598720,8321,125.92,200,125.93,600
AAPL,1/3/2023,1/3/2023 10:14,1/3/2023 10:15,125.93,126.07,125.78,125.9188,125.9375762,443737,4814,125.91,100,125.92,200
AAPL,1/3/2023,1/3/2023 10:15,1/3/2023 10:16,125.9189,126.2968,125.77,126.0251,125.9191695,305736,3564,126.01,400,126.03,100
AAPL,1/3/2023,1/3/2023 10:16,1/3/2023 10:17,126.0211,126.05,125.93,126.02,126.0063851,241295,2642,126.02,200,126.03,200
AAPL,1/3/2023,1/3/2023 10:17,1/3/2023 10:18,126.025,126.03,125.85,125.858,125.9089703,234791,2916,125.85,2800,125.86,500
AAPL,1/3/2023,1/3/2023 10:18,1/3/2023 10:19,125.859,125.9591,125.59,125.6395,125.714118,480918,5717,125.62,400,125.64,500
AAPL,1/3/2023,1/3/2023 10:19,1/3/2023 10:20,125.63,125.8414,125.49,125.54,125.5605744,466661,5443,125.53,100,125.54,200
AAPL,1/3/2023,1/3/2023 10:20,1/3/2023 10:21,125.5303,125.82,125.495,125.8188,125.6851652,343826,3422,125.8,700,125.82,700
AAPL,1/3/2023,1/3/2023 10:21,1/3/2023 10:22,125.82,125.88,125.615455,125.675,125.7212604,326250,3636,125.67,200,125.68,100
AAPL,1/3/2023,1/3/2023 10:22,1/3/2023 10:23,125.675,125.71,125.52,125.585,125.6201458,284391,3087,125.58,400,125.59,200
AAPL,1/3/2023,1/3/2023 10:23,1/3/2023 10:24,125.5888,125.97,125.51,125.94,125.7342975,282226,3471,125.93,600,125.95,300
AAPL,1/3/2023,1/3/2023 10:24,1/3/2023 10:25,125.94,125.97,125.6953,125.7246,125.8349847,307894,3314,125.72,200,125.73,500
AAPL,1/3/2023,1/3/2023 10:25,1/3/2023 10:26,125.729,125.83,125.61,125.62,125.7107893,381633,3848,125.61,800,125.63,600
AAPL,1/3/2023,1/3/2023 10:26,1/3/2023 10:27,125.6288,125.64,125.36,125.42,125.5063862,433900,5288,125.4,600,125.42,500
AAPL,1/3/2023,1/3/2023 10:27,1/3/2023 10:28,125.416,125.657673,125.33,125.445,125.4085754,403060,4153,125.44,300,125.45,700
AAPL,1/3/2023,1/3/2023 10:28,1/3/2023 10:29,125.445,125.615234,125.25,125.275,125.3091408,345349,3978,125.27,500,125.28,600
AAPL,1/3/2023,1/3/2023 10:29,1/3/2023 10:30,125.275,125.5805,125.23,125.46,125.3259896,403576,3962,125.45,6400,125.46,100
AAPL,1/3/2023,1/3/2023 10:30,1/3/2023 10:31,125.46,125.46,125.1,125.1114,125.2249648,450564,4928,125.11,200,125.12,500
AAPL,1/3/2023,1/3/2023 10:31,1/3/2023 10:32,125.1127,125.52,125.1,125.51,125.3140722,358238,3408,125.51,100,125.52,500
AAPL,1/3/2023,1/3/2023 10:32,1/3/2023 10:33,125.51,125.7,125.311384,125.392,125.5444646,468405,3874,125.39,200,125.4,200
AAPL,1/3/2023,1/3/2023 10:33,1/3/2023 10:34,125.3999,125.483289,125.14,125.175,125.2387735,432426,3953,125.17,100,125.18,600
AAPL,1/3/2023,1/3/2023 10:34,1/3/2023 10:35,125.1679,125.322939,125.15,125.2093,125.2036115,316620,2942,125.2,300,125.21,200
AAPL,1/3/2023,1/3/2023 10:35,1/3/2023 10:36,125.21,125.318994,125.12,125.13,125.2013234,416236,4229,125.13,100,125.14,400
AAPL,1/3/2023,1/3/2023 10:36,1/3/2023 10:37,125.13,125.300704,125.05,125.09,125.1114099,459730,4685,125.09,300,125.1,400
AAPL,1/3/2023,1/3/2023 10:37,1/3/2023 10:38,125.09,125.2098,125.07,125.198,125.1324082,252150,3018,125.19,1100,125.2,400
AAPL,1/3/2023,1/3/2023 10:38,1/3/2023 10:39,125.1982,125.39,125.14,125.36,125.270447,333313,3263,125.36,500,125.37,200
AAPL,1/3/2023,1/3/2023 10:39,1/3/2023 10:40,125.365,125.42,125.207417,125.39,125.3665677,379394,3820,125.39,900,125.4,500
AAPL,1/3/2023,1/3/2023 10:40,1/3/2023 10:41,125.398,125.7,125.221073,125.698,125.5440889,368927,3853,125.69,300,125.7,1100
AAPL,1/3/2023,1/3/2023 10:41,1/3/2023 10:42,125.6932,125.78,125.4232,125.765,125.7053771,387426,3542,125.76,200,125.77,100
AAPL,1/3/2023,1/3/2023 10:42,1/3/2023 10:43,125.767,129.7825,125.486975,125.685,125.6877468,237715,2609,125.68,300,125.69,400
AAPL,1/3/2023,1/3/2023 10:43,1/3/2023 10:44,125.69,125.74,125.51,125.55,125.5899323,235068,2543,125.54,400,125.56,700
AAPL,1/3/2023,1/3/2023 10:44,1/3/2023 10:45,125.5586,125.607442,125.31,125.37,125.4919243,280993,3328,125.36,400,125.37,200
AAPL,1/3/2023,1/3/2023 10:45,1/3/2023 10:46,125.3699,125.603997,125.34,125.3681,125.4004748,238640,2536,125.36,300,125.37,300
AAPL,1/3/2023,1/3/2023 10:46,1/3/2023 10:47,125.3613,125.63,125.27,125.55,125.4667489,265397,2846,125.55,500,125.56,1000
AAPL,1/3/2023,1/3/2023 10:47,1/3/2023 10:48,125.5567,125.56,125.39,125.4501,125.4561443,257999,2627,125.45,300,125.46,300
AAPL,1/3/2023,1/3/2023 10:48,1/3/2023 10:49,125.4599,125.63,125.4,125.615,125.5036976,208763,2243,125.61,500,125.62,500
AAPL,1/3/2023,1/3/2023 10:49,1/3/2023 10:50,125.618,125.725,125.484439,125.6764,125.6559973,258448,2750,125.67,200,125.68,400
AAPL,1/3/2023,1/3/2023 10:50,1/3/2023 10:51,125.675,125.73,125.46,125.48,125.5871945,271467,2752,125.47,500,125.48,100
AAPL,1/3/2023,1/3/2023 10:51,1/3/2023 10:52,125.48,125.5336,125.23,125.24,125.3850366,461644,4191,125.23,500,125.25,700
AAPL,1/3/2023,1/3/2023 10:52,1/3/2023 10:53,125.24,125.49,125.24,125.4788,125.3606306,361279,2658,125.47,700,125.48,100
AAPL,1/3/2023,1/3/2023 10:53,1/3/2023 10:54,125.48,125.54,125.37,125.375,125.4311037,222857,2033,125.37,400,125.38,200
AAPL,1/3/2023,1/3/2023 10:54,1/3/2023 10:55,125.39,125.4944,125.29,125.32,125.3985786,169160,1836,125.31,400,125.32,200
AAPL,1/3/2023,1/3/2023 10:55,1/3/2023 10:56,125.3191,125.48,125.315,125.439,125.4060135,124114,1779,125.45,400,125.46,500
AAPL,1/3/2023,1/3/2023 10:56,1/3/2023 10:57,125.455,125.51,125.4,125.409,125.4838307,202384,2252,125.4,600,125.41,100
AAPL,1/3/2023,1/3/2023 10:57,1/3/2023 10:58,125.405,125.5,125.4,125.49,125.4659369,177568,2101,125.48,100,125.49,700
AAPL,1/3/2023,1/3/2023 10:58,1/3/2023 10:59,125.4854,125.66,125.445897,125.5216,125.5357077,243600,2551,125.52,600,125.53,100
AAPL,1/3/2023,1/3/2023 10:59,1/3/2023 11:00,125.52,125.6088,125.47,125.595,125.538059,183127,2080,125.59,100,125.6,400
AAPL,1/3/2023,1/3/2023 11:00,1/3/2023 11:01,125.595,125.83,125.519205,125.8213,125.7458501,272561,2636,125.82,400,125.83,700
AAPL,1/3/2023,1/3/2023 11:01,1/3/2023 11:02,125.8273,125.88,125.65,125.705,125.7808647,331887,2992,125.7,500,125.71,100
AAPL,1/3/2023,1/3/2023 11:02,1/3/2023 11:03,125.705,125.87,125.69,125.71,125.7883081,294685,2588,125.71,400,125.72,500
AAPL,1/3/2023,1/3/2023 11:03,1/3/2023 11:04,125.72,125.743,125.55,125.6816,125.6339787,230904,2396,125.68,1000,125.69,200
AAPL,1/3/2023,1/3/2023 11:04,1/3/2023 11:05,125.685,125.730976,125.48,125.5297,125.5445406,273134,2742,125.52,200,125.53,400
AAPL,1/3/2023,1/3/2023 11:05,1/3/2023 11:06,125.53,125.699799,125.43,125.6,125.5496714,220537,2218,125.59,200,125.6,300
AAPL,1/3/2023,1/3/2023 11:06,1/3/2023 11:07,125.59,125.6151,125.355,125.38,125.4342875,262598,2255,125.38,200,125.39,500
AAPL,1/3/2023,1/3/2023 11:07,1/3/2023 11:08,125.385,125.502541,125.28,125.315,125.345506,223462,2205,125.31,1000,125.32,600
AAPL,1/3/2023,1/3/2023 11:08,1/3/2023 11:09,125.315,125.4563,125.07,125.305,125.3298493,193471,1869,125.3,1300,125.31,400
AAPL,1/3/2023,1/3/2023 11:09,1/3/2023 11:10,125.3,125.40828,125.05,125.08,125.1904431,420649,5146,125.07,400,125.09,400
AAPL,1/3/2023,1/3/2023 11:10,1/3/2023 11:11,125.08,125.19,124.9,125.19,125.0178947,1374799,24722,125.18,300,125.19,500
AAPL,1/3/2023,1/3/2023 11:11,1/3/2023 11:12,125.1818,125.26,124.94,124.99,125.0797745,311879,3383,124.99,900,125,100
AAPL,1/3/2023,1/3/2023 11:12,1/3/2023 11:13,125,125.089135,124.91,124.9769,124.9724029,310072,3044,124.97,400,124.98,100
AAPL,1/3/2023,1/3/2023 11:13,1/3/2023 11:14,124.98,125.158,124.83,124.88,124.8886397,327601,3957,124.88,700,124.89,100
AAPL,1/3/2023,1/3/2023 11:14,1/3/2023 11:15,124.88,125.032119,124.73,124.827,124.8039042,344221,4902,124.81,400,124.83,700
AAPL,1/3/2023,1/3/2023 11:15,1/3/2023 11:16,124.82,125.05,124.7607,125.005,124.9314042,344780,2575,125,500,125.01,100
AAPL,1/3/2023,1/3/2023 11:16,1/3/2023 11:17,125.0001,125.07,124.880467,124.99,125.0243197,128033,1714,124.99,400,125,100
AAPL,1/3/2023,1/3/2023 11:17,1/3/2023 11:18,124.995,125.1199,124.8979,125.065,125.0575481,156054,1865,125.06,900,125.07,100
AAPL,1/3/2023,1/3/2023 11:18,1/3/2023 11:19,125.065,125.2,124.9174,125.1894,125.1441424,178888,1943,125.18,200,125.19,300
AAPL,1/3/2023,1/3/2023 11:19,1/3/2023 11:20,125.19,125.22,124.980422,125.08,125.1292359,157946,1970,125.07,100,125.08,700
AAPL,1/3/2023,1/3/2023 11:20,1/3/2023 11:21,125.07,125.1,124.93,124.938,125.0108367,281855,2786,124.93,700,124.94,600
AAPL,1/3/2023,1/3/2023 11:21,1/3/2023 11:22,124.94,125.08,124.92,125.04,125.005728,225368,2077,125.04,400,125.05,200
AAPL,1/3/2023,1/3/2023 11:22,1/3/2023 11:23,125.05,125.22,125,125.19,125.1152926,217405,2370,125.17,2500,125.18,1000
AAPL,1/3/2023,1/3/2023 11:23,1/3/2023 11:24,125.1701,125.46,125.066474,125.31,125.2936883,326372,2892,125.31,100,125.32,1400
AAPL,1/3/2023,1/3/2023 11:24,1/3/2023 11:25,125.31,125.32,125.1211,125.225,125.2692891,188107,1849,125.22,600,125.23,100
AAPL,1/3/2023,1/3/2023 11:25,1/3/2023 11:26,125.22,125.4,125.14,125.1478,125.2595201,219344,2183,125.14,600,125.16,700
AAPL,1/3/2023,1/3/2023 11:26,1/3/2023 11:27,125.14,125.25,125.1,125.21,125.1867856,126181,1401,125.19,500,125.2,100
AAPL,1/3/2023,1/3/2023 11:27,1/3/2023 11:28,125.195,125.271133,125.13,125.1788,125.1756427,111481,1425,125.17,500,125.18,100
AAPL,1/3/2023,1/3/2023 11:28,1/3/2023 11:29,125.1788,125.2799,125.125,125.1299,125.2058494,115713,1565,125.12,500,125.13,400
AAPL,1/3/2023,1/3/2023 11:29,1/3/2023 11:30,125.125,125.37,125.02,125.34,125.1715825,259021,2321,125.34,300,125.35,100
AAPL,1/3/2023,1/3/2023 11:30,1/3/2023 11:31,125.35,125.37,125.01,125.0908,125.1637792,172474,1818,125.09,200,125.1,100
AAPL,1/3/2023,1/3/2023 11:31,1/3/2023 11:32,125.1,125.19,124.89,124.95,124.9966169,348469,3930,124.94,400,124.96,700
AAPL,1/3/2023,1/3/2023 11:32,1/3/2023 11:33,124.945,125.076,124.83,124.99,124.960283,289034,2771,124.98,300,125,4000
AAPL,1/3/2023,1/3/2023 11:33,1/3/2023 11:34,124.98,125.1,124.98,125.02,125.0506666,127987,1590,125.01,300,125.02,100
AAPL,1/3/2023,1/3/2023 11:34,1/3/2023 11:35,125.02,125.047335,124.9494,125.03,124.9921312,170279,1937,125.02,100,125.03,200
AAPL,1/3/2023,1/3/2023 11:35,1/3/2023 11:36,125.025,125.08,124.905,124.92,125.0022456,151303,1735,124.91,400,124.93,900
AAPL,1/3/2023,1/3/2023 11:36,1/3/2023 11:37,124.9288,125.07,124.9,125.0185,124.9878847,203789,1827,125.01,700,125.02,100
AAPL,1/3/2023,1/3/2023 11:37,1/3/2023 11:38,125.02,126.6,125.01,125.1,125.1104148,162179,1714,125.09,200,125.1,400
AAPL,1/3/2023,1/3/2023 11:38,1/3/2023 11:39,125.0993,126.6,125.02255,125.1718,125.1558447,155826,1719,125.16,600,125.18,700
AAPL,1/3/2023,1/3/2023 11:39,1/3/2023 11:40,125.16,126.6,125.046299,125.24,125.2250285,156094,1676,125.23,900,125.25,700
AAPL,1/3/2023,1/3/2023 11:40,1/3/2023 11:41,125.246,126.6,125.24,125.31,125.2877385,154973,1750,125.3,100,125.31,1200
AAPL,1/3/2023,1/3/2023 11:41,1/3/2023 11:42,125.305,126.6,125.0944,125.22,125.2366389,134420,1432,125.21,100,125.22,100
AAPL,1/3/2023,1/3/2023 11:42,1/3/2023 11:43,125.2188,126.6,125.06,125.085,125.1471314,199452,1606,125.07,700,125.09,300
AAPL,1/3/2023,1/3/2023 11:43,1/3/2023 11:44,125.085,125.216013,125.04,125.0592,125.0741159,117044,1251,125.05,1000,125.06,300
AAPL,1/3/2023,1/3/2023 11:44,1/3/2023 11:45,125.0552,125.183214,124.96,124.9698,125.0087121,240619,2380,124.96,100,124.97,400
AAPL,1/3/2023,1/3/2023 11:45,1/3/2023 11:46,124.9687,125.111,124.88,124.94,124.9327179,183580,1954,124.93,500,124.95,900
AAPL,1/3/2023,1/3/2023 11:46,1/3/2023 11:47,124.955,124.961987,124.77,124.8,124.8678321,273189,3134,124.78,700,124.8,400
AAPL,1/3/2023,1/3/2023 11:47,1/3/2023 11:48,124.7944,124.9353,124.76,124.7872,124.7997647,183606,2153,124.78,200,124.79,500
AAPL,1/3/2023,1/3/2023 11:48,1/3/2023 11:49,124.79,124.9223,124.75,124.7688,124.7818895,187425,2008,124.76,200,124.77,300
AAPL,1/3/2023,1/3/2023 11:49,1/3/2023 11:50,124.77,124.897361,124.76,124.8588,124.8348462,120443,1435,124.85,100,124.86,1200
AAPL,1/3/2023,1/3/2023 11:50,1/3/2023 11:51,124.855,124.865,124.73,124.7599,124.7697229,236010,2177,124.75,100,124.76,1000
AAPL,1/3/2023,1/3/2023 11:51,1/3/2023 11:52,124.755,124.8003,124.69,124.7129,124.7341639,228573,2658,124.71,600,124.72,300
AAPL,1/3/2023,1/3/2023 11:52,1/3/2023 11:53,124.715,124.8556,124.67,124.8188,124.7586174,227121,2567,124.8,800,124.82,700
AAPL,1/3/2023,1/3/2023 11:53,1/3/2023 11:54,124.81,124.825,124.52,124.54,124.6297996,452993,4956,124.54,500,124.55,100
AAPL,1/3/2023,1/3/2023 11:54,1/3/2023 11:55,124.5491,124.714096,124.52,124.5941,124.5612199,220284,2119,124.58,700,124.6,500
AAPL,1/3/2023,1/3/2023 11:55,1/3/2023 11:56,124.596,124.682616,124.52,124.5611,124.5548352,215553,2152,124.56,400,124.58,1400
AAPL,1/3/2023,1/3/2023 11:56,1/3/2023 11:57,124.573,124.63,124.49,124.57,124.5348476,280242,4299,124.57,500,124.59,700
AAPL,1/3/2023,1/3/2023 11:57,1/3/2023 11:58,124.58,124.73,124.541504,124.71,124.6743923,201202,2206,124.7,500,124.71,500
AAPL,1/3/2023,1/3/2023 11:58,1/3/2023 11:59,124.71,124.82,124.599889,124.7213,124.7659645,165349,1884,124.72,300,124.73,400
AAPL,1/3/2023,1/3/2023 11:59,1/3/2023 12:00,124.725,124.8,124.613747,124.7488,124.7515632,150673,1668,124.74,200,124.75,300
AAPL,1/3/2023,1/3/2023 12:00,1/3/2023 12:01,124.75,125.25,124.64291,124.815,124.7819221,189342,2013,124.81,200,124.82,200
AAPL,1/3/2023,1/3/2023 12:01,1/3/2023 12:02,124.815,124.8283,124.6855,124.785,124.7801822,122884,1698,124.78,100,124.79,800
AAPL,1/3/2023,1/3/2023 12:02,1/3/2023 12:03,124.785,124.84,124.75,124.8,124.8015447,133403,1705,124.78,800,124.8,700
AAPL,1/3/2023,1/3/2023 12:03,1/3/2023 12:04,124.7988,124.87,124.5701,124.77,124.8232922,177007,1861,124.75,700,124.77,500
AAPL,1/3/2023,1/3/2023 12:04,1/3/2023 12:05,124.7636,124.83,124.71,124.7298,124.758245,128712,1649,124.71,600,124.73,400
AAPL,1/3/2023,1/3/2023 12:05,1/3/2023 12:06,124.7274,124.85,124.69,124.8288,124.7675523,167856,1780,124.81,300,124.83,700
AAPL,1/3/2023,1/3/2023 12:06,1/3/2023 12:07,124.8193,124.86,124.778238,124.82,124.8108997,146606,1527,124.81,600,124.82,300
AAPL,1/3/2023,1/3/2023 12:07,1/3/2023 12:08,124.8101,125,124.81,124.99,124.9302476,262926,2420,124.98,600,124.99,100
AAPL,1/3/2023,1/3/2023 12:08,1/3/2023 12:09,124.985,125,124.8216,124.99,124.953315,158909,1787,124.97,400,124.99,600
AAPL,1/3/2023,1/3/2023 12:09,1/3/2023 12:10,124.97,125.12,124.873883,124.93,124.9877386,169794,1806,124.92,800,124.93,100
AAPL,1/3/2023,1/3/2023 12:10,1/3/2023 12:11,124.8472,124.955,124.8472,124.865,124.9033241,114157,1586,124.86,700,124.87,400
AAPL,1/3/2023,1/3/2023 12:11,1/3/2023 12:12,124.86,124.93,124.82,124.9288,124.8577157,107647,1477,124.91,600,124.93,1000
AAPL,1/3/2023,1/3/2023 12:12,1/3/2023 12:13,124.93,124.9888,124.9,124.922,124.9401097,134351,1583,124.92,400,124.93,400
AAPL,1/3/2023,1/3/2023 12:13,1/3/2023 12:14,124.93,125.05,124.905,125.0346,124.9843816,145140,1576,125.03,500,125.05,2200
AAPL,1/3/2023,1/3/2023 12:14,1/3/2023 12:15,125.03,125.06,124.944,124.9799,124.9984079,154471,1619,124.97,300,124.98,800
AAPL,1/3/2023,1/3/2023 12:15,1/3/2023 12:16,124.98,124.99,124.86,124.87,124.9101644,103994,1446,124.87,100,124.88,500
AAPL,1/3/2023,1/3/2023 12:16,1/3/2023 12:17,124.88,124.97,124.85,124.86,124.902547,83071,1315,124.85,2900,124.87,700
AAPL,1/3/2023,1/3/2023 12:17,1/3/2023 12:18,124.86,124.9384,124.75,124.79,124.793253,150336,1886,124.79,200,124.8,1900
AAPL,1/3/2023,1/3/2023 12:18,1/3/2023 12:19,124.795,124.9135,124.75,124.8098,124.8055895,142827,1429,124.79,900,124.81,500
AAPL,1/3/2023,1/3/2023 12:19,1/3/2023 12:20,124.8,124.852203,124.77,124.797,124.7947619,123875,1289,124.79,200,124.8,600
AAPL,1/3/2023,1/3/2023 12:20,1/3/2023 12:21,124.8914,124.8914,124.75,124.765,124.7848464,131120,1364,124.76,700,124.77,300
AAPL,1/3/2023,1/3/2023 12:21,1/3/2023 12:22,124.7688,124.87,124.75,124.8135,124.8142137,156657,1964,124.81,400,124.82,800
AAPL,1/3/2023,1/3/2023 12:22,1/3/2023 12:23,124.81,124.8188,124.74,124.76,124.7576177,195950,2213,124.75,900,124.76,600
AAPL,1/3/2023,1/3/2023 12:23,1/3/2023 12:24,124.755,124.7834,124.51,124.535,124.6451249,222353,2870,124.53,100,124.54,500
AAPL,1/3/2023,1/3/2023 12:24,1/3/2023 12:25,124.5301,124.94,124.35,124.3614,124.4490938,363501,4262,124.36,300,124.37,1000
AAPL,1/3/2023,1/3/2023 12:25,1/3/2023 12:26,124.36,124.635749,124.34,124.52,124.4625422,292796,2110,124.51,600,124.52,200
AAPL,1/3/2023,1/3/2023 12:26,1/3/2023 12:27,124.52,124.69,124.476212,124.64,124.6077658,195059,1645,124.64,200,124.65,300
AAPL,1/3/2023,1/3/2023 12:27,1/3/2023 12:28,124.6487,124.66,124.54,124.6,124.5961512,129193,1395,124.59,400,124.61,700
AAPL,1/3/2023,1/3/2023 12:28,1/3/2023 12:29,124.6088,124.66,124.520344,124.6288,124.6164081,82262,1173,124.62,1200,124.63,100
AAPL,1/3/2023,1/3/2023 12:29,1/3/2023 12:30,124.6237,124.66,124.515738,124.6554,124.6284785,110530,1224,124.65,900,124.66,300
AAPL,1/3/2023,1/3/2023 12:30,1/3/2023 12:31,124.66,124.7,124.524311,124.642,124.6492801,92194,1146,124.63,2100,124.65,500
AAPL,1/3/2023,1/3/2023 12:31,1/3/2023 12:32,124.64,124.79,124.63,124.77,124.7165124,94225,1295,124.76,100,124.77,700
AAPL,1/3/2023,1/3/2023 12:32,1/3/2023 12:33,124.716594,124.78,124.67,124.685,124.7250138,88178,1150,124.68,500,124.69,300
AAPL,1/3/2023,1/3/2023 12:33,1/3/2023 12:34,124.69,124.8388,124.63,124.8,124.7303484,166253,1761,124.8,100,124.81,500
AAPL,1/3/2023,1/3/2023 12:34,1/3/2023 12:35,124.805,124.95,124.700648,124.805,124.8605535,175936,1795,124.8,200,124.81,400
AAPL,1/3/2023,1/3/2023 12:35,1/3/2023 12:36,124.8082,124.87,124.75,124.843,124.7900608,134705,1536,124.84,400,124.85,100
AAPL,1/3/2023,1/3/2023 12:36,1/3/2023 12:37,124.8495,124.86,124.72,124.7488,124.804973,145597,1501,124.74,500,124.75,300
AAPL,1/3/2023,1/3/2023 12:37,1/3/2023 12:38,124.745,124.7864,124.64,124.66,124.6921616,117575,1551,124.66,700,124.67,100
AAPL,1/3/2023,1/3/2023 12:38,1/3/2023 12:39,124.6601,124.784653,124.59,124.702,124.6465347,130164,1761,124.7,600,124.71,500
AAPL,1/3/2023,1/3/2023 12:39,1/3/2023 12:40,124.71,124.7361,124.6,124.63,124.6597266,167480,1838,124.62,2500,124.63,100
AAPL,1/3/2023,1/3/2023 12:40,1/3/2023 12:41,124.63,124.713961,124.59,124.6199,124.6315278,121483,1516,124.61,100,124.62,600
AAPL,1/3/2023,1/3/2023 12:41,1/3/2023 12:42,124.62,124.698624,124.5604,124.61,124.6044262,147049,1578,124.6,600,124.62,500
AAPL,1/3/2023,1/3/2023 12:42,1/3/2023 12:43,124.6188,124.73,124.6,124.6388,124.6693253,106941,1248,124.62,500,124.64,600
AAPL,1/3/2023,1/3/2023 12:43,1/3/2023 12:44,124.63,124.69,124.58,124.68,124.6341478,91053,1223,124.66,600,124.68,800
AAPL,1/3/2023,1/3/2023 12:44,1/3/2023 12:45,124.6739,124.696,124.63,124.655,124.661269,63381,999,124.65,600,124.66,200
AAPL,1/3/2023,1/3/2023 12:45,1/3/2023 12:46,124.6589,124.67,124.54,124.575,124.6006032,102000,1429,124.56,200,124.57,500
AAPL,1/3/2023,1/3/2023 12:46,1/3/2023 12:47,124.565,124.63,124.46,124.505,124.5298467,296256,3304,124.5,500,124.51,500
AAPL,1/3/2023,1/3/2023 12:47,1/3/2023 12:48,124.505,124.63,124.44,124.605,124.5446795,182973,1653,124.6,100,124.61,400
AAPL,1/3/2023,1/3/2023 12:48,1/3/2023 12:49,124.61,124.7,124.56,124.57,124.612855,155150,1412,124.56,700,124.58,700
AAPL,1/3/2023,1/3/2023 12:49,1/3/2023 12:50,124.5701,124.63,124.52,124.62,124.5787822,92894,1335,124.6,1200,124.61,100
AAPL,1/3/2023,1/3/2023 12:50,1/3/2023 12:51,124.6099,124.7,124.6,124.6199,124.6589636,128972,1260,124.61,200,124.62,200
AAPL,1/3/2023,1/3/2023 12:51,1/3/2023 12:52,124.6199,124.68,124.56,124.605,124.6141679,109927,1286,124.6,300,124.61,300
AAPL,1/3/2023,1/3/2023 12:52,1/3/2023 12:53,124.605,124.69,124.59,124.605,124.6418129,79844,1059,124.6,200,124.61,400
AAPL,1/3/2023,1/3/2023 12:53,1/3/2023 12:54,124.605,124.635486,124.52,124.544,124.5615126,93480,1230,124.54,600,124.55,600
AAPL,1/3/2023,1/3/2023 12:54,1/3/2023 12:55,124.545,124.616331,124.53,124.565,124.5577922,62092,1099,124.54,600,124.56,700
AAPL,1/3/2023,1/3/2023 12:55,1/3/2023 12:56,124.5575,124.5704,124.49,124.5191,124.5175065,134931,1677,124.51,500,124.52,100
AAPL,1/3/2023,1/3/2023 12:56,1/3/2023 12:57,124.5139,124.67,124.47,124.62,124.5636027,164686,1642,124.61,500,124.62,500
AAPL,1/3/2023,1/3/2023 12:57,1/3/2023 12:58,124.6116,124.65,124.35,124.6176,124.5079317,375841,3973,124.61,300,124.62,400
AAPL,1/3/2023,1/3/2023 12:58,1/3/2023 12:59,124.6185,124.63,124.47,124.535,124.5266783,128114,1553,124.53,300,124.54,300
AAPL,1/3/2023,1/3/2023 12:59,1/3/2023 13:00,124.54,124.61,124.51,124.59,124.5710879,65676,1049,124.59,500,124.6,1400
AAPL,1/3/2023,1/3/2023 13:00,1/3/2023 13:01,124.5999,124.62,124.41,124.4267,124.5124807,224299,1800,124.42,100,124.43,800
AAPL,1/3/2023,1/3/2023 13:01,1/3/2023 13:02,124.4288,124.56,124.425,124.54,124.4910497,102530,1178,124.53,400,124.55,600
AAPL,1/3/2023,1/3/2023 13:02,1/3/2023 13:03,124.5442,124.56,124.47,124.5226,124.5060526,71162,1049,124.52,200,124.53,500
AAPL,1/3/2023,1/3/2023 13:03,1/3/2023 13:04,124.525,124.61,124.5,124.5988,124.5418571,90325,1007,124.59,400,124.6,300
AAPL,1/3/2023,1/3/2023 13:04,1/3/2023 13:05,124.5952,124.76,124.5382,124.7,124.6942576,161992,1459,124.69,400,124.71,900
AAPL,1/3/2023,1/3/2023 13:05,1/3/2023 13:06,124.71,124.71,124.5,124.53,124.5721855,116235,1235,124.51,600,124.53,700
AAPL,1/3/2023,1/3/2023 13:06,1/3/2023 13:07,124.52,124.59611,124.465,124.4975,124.5044351,132245,1370,124.48,600,124.5,500
AAPL,1/3/2023,1/3/2023 13:07,1/3/2023 13:08,124.4999,124.5769,124.46,124.47,124.4899248,84816,1092,124.46,1900,124.47,300
AAPL,1/3/2023,1/3/2023 13:08,1/3/2023 13:09,124.465,124.5699,124.38,124.4188,124.4578855,130340,1660,124.41,400,124.42,300
AAPL,1/3/2023,1/3/2023 13:09,1/3/2023 13:10,124.415,124.544901,124.35,124.364,124.4219954,103361,1201,124.35,2800,124.37,600
AAPL,1/3/2023,1/3/2023 13:10,1/3/2023 13:11,124.36,124.44,124.3,124.425,124.3457196,163231,2131,124.42,200,124.43,300
AAPL,1/3/2023,1/3/2023 13:11,1/3/2023 13:12,124.44,124.6,124.400305,124.58,124.5175351,152899,1528,124.58,400,124.59,100
AAPL,1/3/2023,1/3/2023 13:12,1/3/2023 13:13,124.5819,124.59,124.440135,124.4846,124.5300959,109766,1361,124.48,400,124.49,400
AAPL,1/3/2023,1/3/2023 13:13,1/3/2023 13:14,124.485,124.49,124.2,124.22,124.3482664,149399,2430,124.22,200,124.23,800
AAPL,1/3/2023,1/3/2023 13:14,1/3/2023 13:15,124.22,124.411528,124.21,124.28,124.2616585,135754,1538,124.28,500,124.29,100
AAPL,1/3/2023,1/3/2023 13:15,1/3/2023 13:16,124.29,124.396096,124.2,124.21,124.2353006,142699,1839,124.2,900,124.22,500
AAPL,1/3/2023,1/3/2023 13:16,1/3/2023 13:17,124.22,124.3759,124.2,124.205,124.2187288,136348,1518,124.2,3100,124.21,4800
AAPL,1/3/2023,1/3/2023 13:17,1/3/2023 13:18,124.205,124.31,124.19,124.207,124.2110577,180539,1753,124.2,600,124.21,1600
AAPL,1/3/2023,1/3/2023 13:18,1/3/2023 13:19,124.2015,124.31,124.19,124.2184,124.2273708,116868,1393,124.21,100,124.22,1000
AAPL,1/3/2023,1/3/2023 13:19,1/3/2023 13:20,124.22,124.26,124.2,124.24,124.228198,122878,1255,124.24,100,124.25,700
AAPL,1/3/2023,1/3/2023 13:20,1/3/2023 13:21,124.2488,124.2788,124.21,124.23,124.2301037,153782,1505,124.22,700,124.23,900
AAPL,1/3/2023,1/3/2023 13:21,1/3/2023 13:22,124.23,124.2922,124.21,124.23,124.2419024,95577,1113,124.23,300,124.24,400
AAPL,1/3/2023,1/3/2023 13:22,1/3/2023 13:23,124.235,124.32,124.23,124.2659,124.2686374,108332,1201,124.26,700,124.27,800
AAPL,1/3/2023,1/3/2023 13:23,1/3/2023 13:24,124.2601,124.38,124.2601,124.34,124.3417522,133152,1266,124.33,300,124.35,700
AAPL,1/3/2023,1/3/2023 13:24,1/3/2023 13:25,124.34,124.38,124.22,124.2388,124.2857446,117255,1435,124.23,100,124.24,600
AAPL,1/3/2023,1/3/2023 13:25,1/3/2023 13:26,124.235,124.56,124.22,124.56,124.3983388,170572,1610,124.56,100,124.57,700
AAPL,1/3/2023,1/3/2023 13:26,1/3/2023 13:27,124.57,124.74,124.3739,124.6701,124.6520067,269687,2255,124.66,800,124.68,400
AAPL,1/3/2023,1/3/2023 13:27,1/3/2023 13:28,124.6782,124.69,124.4654,124.6465,124.6365452,160401,1481,124.64,200,124.65,100
AAPL,1/3/2023,1/3/2023 13:28,1/3/2023 13:29,124.65,124.66,124.4685,124.5765,124.6207408,112914,1277,124.57,400,124.58,200
AAPL,1/3/2023,1/3/2023 13:29,1/3/2023 13:30,124.58,124.71,124.547544,124.65,124.6370452,125343,1310,124.64,300,124.66,800
AAPL,1/3/2023,1/3/2023 13:30,1/3/2023 13:31,124.6699,124.72,124.6079,124.6722,124.6785879,122229,1331,124.66,400,124.68,700
AAPL,1/3/2023,1/3/2023 13:31,1/3/2023 13:32,124.6752,124.7,124.5134,124.6284,124.6507335,112253,1372,124.62,200,124.63,200
AAPL,1/3/2023,1/3/2023 13:32,1/3/2023 13:33,124.625,124.66,124.59,124.62,124.6244566,105257,1222,124.62,200,124.63,200
AAPL,1/3/2023,1/3/2023 13:33,1/3/2023 13:34,124.63,124.68,124.6115,124.635,124.6452254,98862,1129,124.63,100,124.64,600
AAPL,1/3/2023,1/3/2023 13:34,1/3/2023 13:35,124.635,124.7,124.54,124.5784,124.6171854,97538,1172,124.57,200,124.58,300
AAPL,1/3/2023,1/3/2023 13:35,1/3/2023 13:36,124.57,124.72,124.57,124.72,124.6451567,106566,1188,124.71,1500,124.72,700
AAPL,1/3/2023,1/3/2023 13:36,1/3/2023 13:37,124.72,124.83,124.626548,124.75,124.7720764,184546,1704,124.75,900,124.76,100
AAPL,1/3/2023,1/3/2023 13:37,1/3/2023 13:38,124.7593,124.94,124.65,124.69,124.7201445,109696,1209,124.68,500,124.7,700
AAPL,1/3/2023,1/3/2023 13:38,1/3/2023 13:39,124.69,124.72,124.62,124.645,124.660314,103192,1225,124.64,100,124.65,1300
AAPL,1/3/2023,1/3/2023 13:39,1/3/2023 13:40,124.6496,124.6905,124.52,124.555,124.5941441,120549,1438,124.53,500,124.55,400
AAPL,1/3/2023,1/3/2023 13:40,1/3/2023 13:41,124.546,124.625472,124.51,124.5788,124.5519456,121778,1423,124.57,400,124.58,200
AAPL,1/3/2023,1/3/2023 13:41,1/3/2023 13:42,124.575,124.67,124.5612,124.595,124.6110469,133037,1510,124.58,700,124.6,300
AAPL,1/3/2023,1/3/2023 13:42,1/3/2023 13:43,124.6,124.65,124.58,124.645,124.6220006,103386,1341,124.64,100,124.65,400
AAPL,1/3/2023,1/3/2023 13:43,1/3/2023 13:44,124.6437,124.6788,124.53,124.55,124.608295,140062,1518,124.54,1000,124.56,300
AAPL,1/3/2023,1/3/2023 13:44,1/3/2023 13:45,124.57,124.63,124.53,124.6173,124.5692203,94377,1232,124.61,800,124.63,300
AAPL,1/3/2023,1/3/2023 13:45,1/3/2023 13:46,124.62,124.63,124.41,124.468,124.5064632,205672,2524,124.46,300,124.47,400
AAPL,1/3/2023,1/3/2023 13:46,1/3/2023 13:47,124.465,124.5764,124.22,124.245,124.3246146,250036,2850,124.24,200,124.25,100
AAPL,1/3/2023,1/3/2023 13:47,1/3/2023 13:48,124.25,124.4247,124.19,124.21,124.2696988,241664,2634,124.21,100,124.22,200
AAPL,1/3/2023,1/3/2023 13:48,1/3/2023 13:49,124.21,124.48,124.21,124.405,124.3833434,214966,2075,124.41,400,124.42,200
AAPL,1/3/2023,1/3/2023 13:49,1/3/2023 13:50,124.415,124.48,124.35,124.409,124.4051328,143215,1535,124.4,700,124.41,300
AAPL,1/3/2023,1/3/2023 13:50,1/3/2023 13:51,124.405,124.5,124.339265,124.4589,124.4361103,106332,1383,124.45,400,124.46,200
AAPL,1/3/2023,1/3/2023 13:51,1/3/2023 13:52,124.4589,124.4798,124.3,124.3489,124.3837388,111783,1420,124.34,500,124.35,300
AAPL,1/3/2023,1/3/2023 13:52,1/3/2023 13:53,124.35,124.51,124.33,124.4888,124.4213206,104744,1421,124.47,400,124.49,800
AAPL,1/3/2023,1/3/2023 13:53,1/3/2023 13:54,124.48,124.61,124.418901,124.5889,124.5270947,195597,1736,124.58,400,124.59,300
AAPL,1/3/2023,1/3/2023 13:54,1/3/2023 13:55,124.585,124.78,124.510321,124.7301,124.7031359,218746,1939,124.73,300,124.74,100
AAPL,1/3/2023,1/3/2023 13:55,1/3/2023 13:56,124.73,124.81,124.537582,124.7681,124.6958054,162896,1565,124.75,400,124.77,500
AAPL,1/3/2023,1/3/2023 13:56,1/3/2023 13:57,124.7601,124.77,124.4728,124.7617,124.7276081,78811,928,124.76,400,124.77,200
AAPL,1/3/2023,1/3/2023 13:57,1/3/2023 13:58,124.7689,124.8,124.6615,124.695,124.7422698,112094,1190,124.69,1300,124.7,600
AAPL,1/3/2023,1/3/2023 13:58,1/3/2023 13:59,124.7099,124.78,124.6949,124.7632,124.7416548,83073,943,124.76,300,124.78,2900
AAPL,1/3/2023,1/3/2023 13:59,1/3/2023 14:00,124.77,124.84,124.687787,124.815,124.8077366,133213,1259,124.81,500,124.82,400
AAPL,1/3/2023,1/3/2023 14:00,1/3/2023 14:01,124.82,125.0959,124.778017,124.9,124.9070266,242792,2159,124.88,1100,124.9,1100
AAPL,1/3/2023,1/3/2023 14:01,1/3/2023 14:02,124.9,124.9,124.63,124.721,124.7410967,191088,1678,124.72,100,124.73,700
AAPL,1/3/2023,1/3/2023 14:02,1/3/2023 14:03,124.7277,124.8,124.64,124.6587,124.699376,144577,1251,124.65,200,124.66,400
AAPL,1/3/2023,1/3/2023 14:03,1/3/2023 14:04,124.655,124.791226,124.62,124.685,124.6569891,117266,1187,124.68,300,124.69,200
AAPL,1/3/2023,1/3/2023 14:04,1/3/2023 14:05,124.685,124.78,124.68,124.77,124.7412546,103775,1115,124.76,700,124.78,700
AAPL,1/3/2023,1/3/2023 14:05,1/3/2023 14:06,124.7699,124.81,124.72,124.73,124.7671268,80205,1094,124.72,900,124.74,600
AAPL,1/3/2023,1/3/2023 14:06,1/3/2023 14:07,124.73,124.78,124.66,124.7488,124.7308628,102539,1162,124.74,300,124.75,100
AAPL,1/3/2023,1/3/2023 14:07,1/3/2023 14:08,124.746,124.8868,124.7159,124.85,124.8037159,98079,1069,124.84,600,124.86,400
AAPL,1/3/2023,1/3/2023 14:08,1/3/2023 14:09,124.8484,124.92,124.745,124.85,124.8596693,113799,1032,124.84,300,124.85,700
AAPL,1/3/2023,1/3/2023 14:09,1/3/2023 14:10,124.8432,124.91,124.770979,124.9001,124.8582646,96614,1050,124.89,400,124.9,300
AAPL,1/3/2023,1/3/2023 14:10,1/3/2023 14:11,124.894,124.9367,124.7844,124.8706,124.8826616,133592,1322,124.86,700,124.88,700
AAPL,1/3/2023,1/3/2023 14:11,1/3/2023 14:12,124.8736,124.94,124.8249,124.8452,124.852673,82157,1068,124.84,200,124.85,400
AAPL,1/3/2023,1/3/2023 14:12,1/3/2023 14:13,124.85,124.8553,124.64,124.716,124.7280736,191745,1786,124.7,300,124.72,700
AAPL,1/3/2023,1/3/2023 14:13,1/3/2023 14:14,124.72,124.802015,124.35,124.77,124.7201674,118164,1161,124.76,700,124.78,700
AAPL,1/3/2023,1/3/2023 14:14,1/3/2023 14:15,124.7707,124.79,124.66,124.6697,124.6990364,95806,1083,124.66,500,124.68,700
AAPL,1/3/2023,1/3/2023 14:15,1/3/2023 14:16,124.67,124.779131,124.66,124.7299,124.7280079,87391,1046,124.72,500,124.73,400
AAPL,1/3/2023,1/3/2023 14:16,1/3/2023 14:17,124.725,129.93,124.69,124.695,124.7568902,102981,1103,124.69,100,124.7,400
AAPL,1/3/2023,1/3/2023 14:17,1/3/2023 14:18,124.6976,124.74,124.67,124.7187,124.7056278,64970,955,124.71,600,124.72,300
AAPL,1/3/2023,1/3/2023 14:18,1/3/2023 14:19,124.715,124.73,124.56,124.63,124.6405196,131231,1505,124.62,500,124.63,400
AAPL,1/3/2023,1/3/2023 14:19,1/3/2023 14:20,124.6299,124.699273,124.48,124.52,124.5534997,167083,2162,124.51,600,124.52,300
AAPL,1/3/2023,1/3/2023 14:20,1/3/2023 14:21,124.52,124.635314,124.48,124.51,124.5189585,121615,1096,124.5,1400,124.52,1500
AAPL,1/3/2023,1/3/2023 14:21,1/3/2023 14:22,124.5098,124.58,124.49,124.51,124.5214657,95540,1050,124.51,200,124.52,800
AAPL,1/3/2023,1/3/2023 14:22,1/3/2023 14:23,124.5179,124.5694,124.5,124.514,124.5288228,69887,922,124.51,1900,124.53,700
AAPL,1/3/2023,1/3/2023 14:23,1/3/2023 14:24,124.53,124.57,124.43,124.4749,124.4982853,136604,1421,124.47,700,124.48,200
AAPL,1/3/2023,1/3/2023 14:24,1/3/2023 14:25,124.475,124.55,124.42,124.5359,124.4823839,151763,1335,124.52,600,124.54,500
AAPL,1/3/2023,1/3/2023 14:25,1/3/2023 14:26,124.535,124.55,124.47,124.48,124.5057372,134902,1151,124.48,100,124.49,300
AAPL,1/3/2023,1/3/2023 14:26,1/3/2023 14:27,124.485,124.56,124.485,124.5454,124.5223639,93502,946,124.54,200,124.55,500
AAPL,1/3/2023,1/3/2023 14:27,1/3/2023 14:28,124.5441,124.61,124.46,124.5388,124.5409406,178658,1690,124.53,300,124.54,300
AAPL,1/3/2023,1/3/2023 14:28,1/3/2023 14:29,124.5387,124.54,124.47,124.5054,124.5034373,59965,884,124.5,500,124.51,800
AAPL,1/3/2023,1/3/2023 14:29,1/3/2023 14:30,124.5099,124.58,124.5,124.5726,124.5388912,81449,982,124.57,500,124.58,600
AAPL,1/3/2023,1/3/2023 14:30,1/3/2023 14:31,124.578,124.625,124.49,124.5188,124.5579449,128580,1246,124.51,700,124.52,300
AAPL,1/3/2023,1/3/2023 14:31,1/3/2023 14:32,124.515,124.56,124.33,124.38,124.438222,182699,2040,124.36,400,124.38,900
AAPL,1/3/2023,1/3/2023 14:32,1/3/2023 14:33,124.36,124.5105,124.21,124.23,124.2908529,223139,2283,124.23,200,124.24,500
AAPL,1/3/2023,1/3/2023 14:33,1/3/2023 14:34,124.2384,124.380619,124.17,124.27,124.2398922,213581,2160,124.27,100,124.28,700
AAPL,1/3/2023,1/3/2023 14:34,1/3/2023 14:35,124.27,124.367479,124.26,124.3077,124.2959407,115153,1235,124.3,300,124.31,300
AAPL,1/3/2023,1/3/2023 14:35,1/3/2023 14:36,124.31,124.352806,124.27,124.3,124.3079612,113949,1108,124.3,1600,124.32,400
AAPL,1/3/2023,1/3/2023 14:36,1/3/2023 14:37,124.32,124.4,124.18,124.25,124.2651602,239257,2204,124.24,300,124.26,700
AAPL,1/3/2023,1/3/2023 14:37,1/3/2023 14:38,124.2568,124.39,124.2452,124.38,124.315456,128566,1028,124.37,400,124.39,300
AAPL,1/3/2023,1/3/2023 14:38,1/3/2023 14:39,124.38,124.39,124.2922,124.36,124.3556921,87345,981,124.35,600,124.36,100
AAPL,1/3/2023,1/3/2023 14:39,1/3/2023 14:40,124.36,124.37,124.2765,124.3,124.3083918,117517,1031,124.29,500,124.3,400
AAPL,1/3/2023,1/3/2023 14:40,1/3/2023 14:41,124.2988,124.35,124.285,124.3132,124.3123309,80271,899,124.31,300,124.32,700
AAPL,1/3/2023,1/3/2023 14:41,1/3/2023 14:42,124.3116,124.58,124.30324,124.55,124.4459865,192071,1512,124.54,600,124.56,700
AAPL,1/3/2023,1/3/2023 14:42,1/3/2023 14:43,124.5434,124.59,124.5007,124.58,124.5490258,152970,1273,124.57,200,124.58,100
AAPL,1/3/2023,1/3/2023 14:43,1/3/2023 14:44,124.575,124.86,124.428631,124.78,124.71455,311614,2564,124.77,400,124.79,300
AAPL,1/3/2023,1/3/2023 14:44,1/3/2023 14:45,124.78,124.84,124.62,124.81,124.7182308,141245,1493,124.81,300,124.82,100
AAPL,1/3/2023,1/3/2023 14:45,1/3/2023 14:46,124.82,125.27,124.624396,125.227,125.0618295,558292,3997,125.22,300,125.23,200
AAPL,1/3/2023,1/3/2023 14:46,1/3/2023 14:47,125.225,125.33,124.819,125.06,125.1802384,348746,2614,125.05,300,125.07,500
AAPL,1/3/2023,1/3/2023 14:47,1/3/2023 14:48,125.07,125.07,124.89,124.964,124.960666,232568,2158,124.96,600,124.98,200
AAPL,1/3/2023,1/3/2023 14:48,1/3/2023 14:49,124.97,125.102515,124.92,125.01,125.0002412,163127,1439,125.01,400,125.02,300
AAPL,1/3/2023,1/3/2023 14:49,1/3/2023 14:50,125.01,125.18,124.96,125.16,125.0343138,208075,1676,125.16,400,125.17,900
AAPL,1/3/2023,1/3/2023 14:50,1/3/2023 14:51,125.1665,125.2,124.92,124.96,125.0332459,274282,2104,124.95,100,124.96,500
AAPL,1/3/2023,1/3/2023 14:51,1/3/2023 14:52,124.9581,125.068101,124.86,124.92,124.9149019,174476,1740,124.92,200,124.93,300
AAPL,1/3/2023,1/3/2023 14:52,1/3/2023 14:53,124.9,124.99546,124.625,124.73,124.8055579,223791,2052,124.71,500,124.73,300
AAPL,1/3/2023,1/3/2023 14:53,1/3/2023 14:54,124.72,124.943346,124.7,124.765,124.7485524,188804,1653,124.76,200,124.77,200
AAPL,1/3/2023,1/3/2023 14:54,1/3/2023 14:55,124.76,124.837968,124.6,124.63,124.6973874,187702,1664,124.62,700,124.64,500
AAPL,1/3/2023,1/3/2023 14:55,1/3/2023 14:56,124.64,124.9,124.6,124.71,124.7801635,254745,2172,124.7,600,124.71,700
AAPL,1/3/2023,1/3/2023 14:56,1/3/2023 14:57,124.705,124.9328,124.549,124.59,124.6339481,241481,1847,124.59,500,124.61,300
AAPL,1/3/2023,1/3/2023 14:57,1/3/2023 14:58,124.59,124.7221,124.44,124.5676,124.5534355,194636,1897,124.56,200,124.57,300
AAPL,1/3/2023,1/3/2023 14:58,1/3/2023 14:59,124.565,124.678147,124.55,124.595,124.594666,130310,1590,124.59,200,124.6,200
AAPL,1/3/2023,1/3/2023 14:59,1/3/2023 15:00,124.595,124.64,124.55,124.615,124.590089,132243,1277,124.62,200,124.63,300
AAPL,1/3/2023,1/3/2023 15:00,1/3/2023 15:01,124.62,124.76,124.56,124.662,124.6356886,328884,2901,124.66,100,124.68,500
AAPL,1/3/2023,1/3/2023 15:01,1/3/2023 15:02,124.679,124.8254,124.6,124.73,124.716636,203200,1755,124.72,700,124.73,100
AAPL,1/3/2023,1/3/2023 15:02,1/3/2023 15:03,124.72,124.72,124.53,124.54,124.6188248,156140,1797,124.53,200,124.55,700
AAPL,1/3/2023,1/3/2023 15:03,1/3/2023 15:04,124.5378,124.67,124.51,124.62,124.6049601,111260,1199,124.61,4700,124.63,700
AAPL,1/3/2023,1/3/2023 15:04,1/3/2023 15:05,124.61,124.74,124.58,124.67,124.6698872,171005,1541,124.65,800,124.67,300
AAPL,1/3/2023,1/3/2023 15:05,1/3/2023 15:06,124.6699,124.6999,124.62,124.69,124.6679931,92209,1174,124.68,200,124.69,100
AAPL,1/3/2023,1/3/2023 15:06,1/3/2023 15:07,124.68,124.6855,124.555,124.58,124.6147548,112308,1324,124.57,300,124.59,300
AAPL,1/3/2023,1/3/2023 15:07,1/3/2023 15:08,124.58,124.6329,124.43,124.445,124.5018429,186462,2000,124.45,100,124.46,700
AAPL,1/3/2023,1/3/2023 15:08,1/3/2023 15:09,124.47,124.53,124.445,124.5103,124.4889909,115176,1284,124.5,600,124.52,1100
AAPL,1/3/2023,1/3/2023 15:09,1/3/2023 15:10,124.515,124.581554,124.405,124.45,124.4516058,151057,1428,124.44,500,124.45,100
AAPL,1/3/2023,1/3/2023 15:10,1/3/2023 15:11,124.45,124.53,124.4,124.463051,124.4526474,130885,1350,124.47,200,124.48,400
AAPL,1/3/2023,1/3/2023 15:11,1/3/2023 15:12,124.475,124.62,124.44,124.555,124.5448467,156417,1535,124.55,700,124.56,200
AAPL,1/3/2023,1/3/2023 15:12,1/3/2023 15:13,124.56,124.67,124.5,124.595,124.6036034,168674,1588,124.59,300,124.6,500
AAPL,1/3/2023,1/3/2023 15:13,1/3/2023 15:14,124.5956,124.66,124.534594,124.63,124.6179931,138154,1219,124.62,400,124.64,20200
AAPL,1/3/2023,1/3/2023 15:14,1/3/2023 15:15,124.63,124.72,124.544972,124.7,124.681169,212782,1617,124.69,600,124.71,1600
AAPL,1/3/2023,1/3/2023 15:15,1/3/2023 15:16,124.7,124.97,124.6916,124.9588,124.8558721,434253,3584,124.94,400,124.96,500
AAPL,1/3/2023,1/3/2023 15:16,1/3/2023 15:17,124.9588,124.97,124.7245,124.9188,124.9061454,206909,1859,124.9,600,124.92,500
AAPL,1/3/2023,1/3/2023 15:17,1/3/2023 15:18,124.91,125.0846,124.6688,124.955,124.9781531,243380,1948,124.95,200,124.96,600
AAPL,1/3/2023,1/3/2023 15:18,1/3/2023 15:19,124.95,125,124.8484,124.975,124.9669069,173429,1584,124.97,300,124.98,500
AAPL,1/3/2023,1/3/2023 15:19,1/3/2023 15:20,124.975,124.99,124.87,124.875,124.9368685,193842,1906,124.87,200,124.89,500
AAPL,1/3/2023,1/3/2023 15:20,1/3/2023 15:21,124.89,124.9208,124.67,124.72,124.7487552,265178,1942,124.71,300,124.73,700
AAPL,1/3/2023,1/3/2023 15:21,1/3/2023 15:22,124.73,124.8609,124.57,124.696,124.6613359,232717,2129,124.69,500,124.71,700
AAPL,1/3/2023,1/3/2023 15:22,1/3/2023 15:23,124.7,124.79,124.660141,124.7488,124.7427663,126397,1223,124.73,700,124.75,4200
AAPL,1/3/2023,1/3/2023 15:23,1/3/2023 15:24,124.73,124.809151,124.66,124.7085,124.7071534,159592,1518,124.7,600,124.71,400
AAPL,1/3/2023,1/3/2023 15:24,1/3/2023 15:25,124.7,124.735605,124.62,124.63,124.6690247,86363,1111,124.62,6100,124.64,500
AAPL,1/3/2023,1/3/2023 15:25,1/3/2023 15:26,124.623,124.72,124.61,124.68,124.6522939,146295,1417,124.67,500,124.69,900
AAPL,1/3/2023,1/3/2023 15:26,1/3/2023 15:27,124.6829,124.79,124.67,124.67,124.7423862,171314,1817,124.67,600,124.69,700
AAPL,1/3/2023,1/3/2023 15:27,1/3/2023 15:28,124.7,124.7917,124.61,124.63,124.6606604,94985,1227,124.63,900,124.65,1000
AAPL,1/3/2023,1/3/2023 15:28,1/3/2023 15:29,124.64,124.677134,124.55,124.5799,124.60912,129121,1500,124.57,200,124.58,700
AAPL,1/3/2023,1/3/2023 15:29,1/3/2023 15:30,124.575,124.6627,124.54,124.62,124.5892055,202661,1693,124.62,400,124.63,300
AAPL,1/3/2023,1/3/2023 15:30,1/3/2023 15:31,124.6817,124.81,124.612165,124.755,124.727355,236472,1785,124.75,1000,124.77,500
AAPL,1/3/2023,1/3/2023 15:31,1/3/2023 15:32,124.776,124.79,124.65,124.69,124.722162,155198,1546,124.69,500,124.7,300
AAPL,1/3/2023,1/3/2023 15:32,1/3/2023 15:33,124.7,124.91,124.669104,124.88,124.8354036,190976,1795,124.88,300,124.89,100
AAPL,1/3/2023,1/3/2023 15:33,1/3/2023 15:34,124.89,124.95,124.718,124.94,124.905007,172340,1456,124.93,300,124.95,2600
AAPL,1/3/2023,1/3/2023 15:34,1/3/2023 15:35,124.93,124.94,124.8,124.82,124.8666395,144048,1547,124.81,400,124.82,200
AAPL,1/3/2023,1/3/2023 15:35,1/3/2023 15:36,124.815,124.9,124.78,124.895,124.8423989,149772,1641,124.89,500,124.9,1200
AAPL,1/3/2023,1/3/2023 15:36,1/3/2023 15:37,124.9,125,124.88,124.98,124.9549267,303972,2334,124.98,100,124.99,1000
AAPL,1/3/2023,1/3/2023 15:37,1/3/2023 15:38,124.98,124.99,124.73,124.7429,124.8668211,266954,2339,124.74,1000,124.75,300
AAPL,1/3/2023,1/3/2023 15:38,1/3/2023 15:39,124.7409,124.95,124.7401,124.93,124.8509061,232320,2099,124.92,300,124.94,1000
AAPL,1/3/2023,1/3/2023 15:39,1/3/2023 15:40,124.925,125,124.88,124.91,124.9477137,198115,1805,124.89,300,124.9,1400
AAPL,1/3/2023,1/3/2023 15:40,1/3/2023 15:41,124.8596,124.98,124.83,124.9674,124.9002866,256330,2186,124.96,500,124.97,400
AAPL,1/3/2023,1/3/2023 15:41,1/3/2023 15:42,124.965,124.97,124.8,124.8273,124.9090471,298973,2932,124.82,100,124.83,500
AAPL,1/3/2023,1/3/2023 15:42,1/3/2023 15:43,124.8215,124.91,124.77,124.8915,124.8250003,223017,2053,124.89,700,124.9,300
AAPL,1/3/2023,1/3/2023 15:43,1/3/2023 15:44,124.891,124.985,124.86,124.98,124.9234311,215404,1698,124.97,1000,124.99,3500
AAPL,1/3/2023,1/3/2023 15:44,1/3/2023 15:45,124.98,125,124.893547,124.985,124.9741252,184207,1742,124.98,600,124.99,1700
AAPL,1/3/2023,1/3/2023 15:45,1/3/2023 15:46,124.99,124.99,124.8829,124.937,124.9341397,202942,1936,124.93,1100,124.94,700
AAPL,1/3/2023,1/3/2023 15:46,1/3/2023 15:47,124.9374,125,124.9099,124.94,124.9741206,265271,2127,124.94,200,124.95,400
AAPL,1/3/2023,1/3/2023 15:47,1/3/2023 15:48,124.945,124.9966,124.9,124.99,124.9497389,122418,1428,124.98,1800,124.99,1400
AAPL,1/3/2023,1/3/2023 15:48,1/3/2023 15:49,124.98,125.17,124.9511,125.09,125.0910079,476098,3370,125.08,400,125.09,900
AAPL,1/3/2023,1/3/2023 15:49,1/3/2023 15:50,125.08,125.10376,124.81,124.9577,124.9460065,343031,3047,124.95,200,124.96,700
AAPL,1/3/2023,1/3/2023 15:50,1/3/2023 15:51,124.96,125.2,124.93,125.0909,125.0881511,784517,6295,125.09,100,125.1,200
AAPL,1/3/2023,1/3/2023 15:51,1/3/2023 15:52,125.09,125.17,125.0052,125.12,125.0993668,400729,3526,125.11,600,125.13,1400
AAPL,1/3/2023,1/3/2023 15:52,1/3/2023 15:53,125.1269,125.17,125.064,125.1299,125.1356967,309106,2816,125.12,700,125.13,1400
AAPL,1/3/2023,1/3/2023 15:53,1/3/2023 15:54,125.12,125.19,125.0787,125.14,125.147093,329462,3170,125.14,100,125.15,500
AAPL,1/3/2023,1/3/2023 15:54,1/3/2023 15:55,125.145,125.42,125.1129,125.33,125.2910661,755254,5884,125.33,300,125.34,1200
AAPL,1/3/2023,1/3/2023 15:55,1/3/2023 15:56,125.335,125.36,125.04,125.1649,125.2031909,760828,6500,125.16,600,125.17,700
AAPL,1/3/2023,1/3/2023 15:56,1/3/2023 15:57,125.2,125.2074,125.04,125.143,125.1034073,444121,3805,125.14,1000,125.15,1600
AAPL,1/3/2023,1/3/2023 15:57,1/3/2023 15:58,125.1473,125.23,125.099436,125.215,125.1899103,395072,3357,125.21,1600,125.22,2700
AAPL,1/3/2023,1/3/2023 15:58,1/3/2023 15:59,125.215,125.29,125.19,125.2522,125.2460099,477592,4194,125.25,600,125.26,6900
AAPL,1/3/2023,1/3/2023 15:59,1/3/2023 16:00,125.25,125.26,125.01,125.02,125.1338886,992583,7628,125.02,400,125.03,100
AAPL,1/3/2023,1/3/2023 16:00,1/3/2023 16:01,125.03,125.18,124.99,125,125.0671503,124900,424,125,500,125.01,9000
